Image,SS1,SS2,ssMean,Seedlings,Seedling_presence,LITTER,BARE,ROCK,CRUST,SHADOW,UNCLEAR,WOOD,SCAT,DUNG,BRTE,POSE,ARTRW8,ELEL5,LEPE2,CETE5,GRSP,SIAL2,ELCA,AGCR,UNK9,DEPI,BAPR,AMIN3,ALMI2,CABR4,STPA4,LUP1,CONVO,ERNA,LEPE2,CHVI8,CROC,GARA2,CYMO,DEGL3,PECTO,UNK13,UNK14,IVAX,ACMI,PASM,LUP3,TESP,ARAR8,DESO,ERCI6,CRYPTANTHASP,PEBO2,LARA,UNK22,ALLIU,UNK24,ERTE18,ELCI2,ERUM,CADR,UNK1,UNK2,LAGL5,LUAR3,UNK8,PHDI3
F00_0_XX8_SP1_C.JPG,4,3,3.5,0,0,27,28,0,0,7,0,0,0,0,15,0,23,0.5,0,0,0,0,0,0,0.5,0.5,0,0,0,0,0,0,0,0,0,0,0,0,0,0,0,0,0,0,0,0,0,0,0,0,0,0,0,0,0,0,0,0,0,0,0,0,0,0,0,0,0
F00_0_XX8_SP2_C.JPG,6,3,4.5,0,0,9,6,0,0,4,1,0,0,0,8,0,72,0,0,0,0,0,0,0,0.5,0,0,0,0,0,0,0,0,0,0,0,0,0,0,0,0,0,0,0,0,0,0,0,0,0,0,0,0,0,0,0,0,0,0,0,0,0,0,0,0,0,0
F00_0_XX8_SP3_C.JPG,6,6,6,0,0,4,71,4,1,1,0,2,0,0,4,0,13,0,0,0,0,0,0,0,0,0,0,0,0,0,0,0,0,0,0,0,0,0,0,0,0,0,0,0,0,0,0,0,0,0,0,0,0,0,0,0,0,0,0,0,0,0,0,0,0,0,0
F00_0_XX8_SP4_C.JPG,6,6,6,97,1,2,2,0,0,13,0,0,0,0,1,0,82,0,0,0,0,0,0,0,0.5,0,0,0,0,0,0,0,0,0,0,0,0,0,0,0,0,0,0,0,0,0,0,0,0,0,0,0,0,0,0,0,0,0,0,0,0,0,0,0,0,0,0
F00_0_XX8_SP5_C.JPG,6,6,6,13,1,34,25,3,0,8,0,1,0,0,8,0,21,0,0,0,0,0,0,0,0,0,0,0,0,0,0,0,0,0,0,0,0,0,0,0,0,0,0,0,0,0,0,0,0,0,0,0,0,0,0,0,0,0,0,0,0,0,0,0,0,0,0
F00_0_XX8_SP6_C.JPG,6,6,6,14,1,5,65,1,0,4,0,2,0,0,1,0,22,0,0,0,0,0,0,0,0.5,0,0,0,0,0,0,0,0,0,0,0,0,0,0,0,0,0,0,0,0,0,0,0,0,0,0,0,0,0,0,0,0,0,0,0,0,0,0,0,0,0,0
F00_0_XX8_SP7_C.JPG,4,3,3.5,0,0,41,5,0,0,2,0,3,0,0,48,0,1,0,0,0,0,0,0,0,0,0,0,0,0,0,0,0,0,0,0,0,0,0,0,0,0,0,0,0,0,0,0,0,0,0,0,0,0,0,0,0,0,0,0,0,0,0,0,0,0,0,0
F00_0_XX8_SP8_C.JPG,6,4,5,0,0,16,15,2,0,11,0,0,0,0,13,0,43,0,0,0,0,0,0,0,0,0,0,0,0,0,0,0,0,0,0,0,0,0,0,0,0,0,0,0,0,0,0,0,0,0,0,0,0,0,0,0,0,0,0,0,0,0,0,0,0,0,0
F00_0_XX8_SP9_C.JPG,6,6,6,0,0,43,17,0,0,0,0,0,0,0,21,0,19,0,0,0,0,0,0,0,0,0,0,0,0,0,0,0,0,0,0,0,0,0,0,0,0,0,0,0,0,0,0,0,0,0,0,0,0,0,0,0,0,0,0,0,0,0,0,0,0,0,0
F00_1_004_SP1_C.JPG,6,6,6,0,0,40,4,0,0,4,0,0,0,1,46,0,0,0,0,0,0,5,0,0,0,0,0,0.5,0,0,0,0,0,0,0,0,0,0,0,0,0,0,0,0,0,0,0,0,0,0,0,0,0,0,0,0,0,0,0,0,0,0,0,0,0,0,0
F00_1_004_SP2_C.JPG,6,6,6,0,0,44,27,0,0,1,0,0,0,1,18,0,0,0,0,0,0,9,0,0,0,0,0.5,0,0,0,0,0,0,0,0,0,0,0,0,0,0,0,0,0,0,0,0,0,0,0,0,0,0,0,0,0,0,0,0,0,0,0,0,0,0,0,0
F00_1_004_SP3_C.JPG,5,4,4.5,0,0,39,11,0,0,0,0,0,0,0,43,0,0,0,0,0,0,5,0,0,0,0,2,0,0,0,0,0,0,0,0,0,0,0,0,0,0,0,0,0,0,0,0,0,0,0,0,0,0,0,0,0,0,0,0,0,0,0,0,0,0,0,0
F00_1_004_SP4_C.JPG,4,3,3.5,0,0,36,13,0,0,1,0,0,0,0,46,0,0,0,0,0,0,0.5,0,0,0,0,4,0,0,0,0,0,0,0,0,0,0,0,0,0,0,0,0,0,0,0,0,0,0,0,0,0,0,0,0,0,0,0,0,0,0,0,0,0,0,0,0
F00_1_004_SP5_C.JPG,5,4,4.5,0,0,30,13,0,0,0,0,0,0,0,53,0,0,0,0,0,0,2,0,0,0,0,2,0,0,0,0,0,0,0,0,0,0,0,0,0,0,0,0,0,0,0,0,0,0,0,0,0,0,0,0,0,0,0,0,0,0,0,0,0,0,0,0
F00_1_004_SP6_C.JPG,6,4,5,0,0,42,1,0,0,0,0,0,0,0,57,0,0,0,0,0,0,0.5,0,0,0,0.5,0,0,0,0,0,0,0,0,0,0,0,0,0,0,0,0,0,0,0,0,0,0,0,0,0,0,0,0,0,0,0,0,0,0,0,0,0,0,0,0,0
F00_1_004_SP7_C.JPG,6,3,4.5,0,0,44,10,0,0,0,0,0,0,0,41,0,0,0,0,0,0,1,0,0,0,0,4,0,0,0,0,0,0,0,0,0,0,0,0,0,0,0,0,0,0,0,0,0,0,0,0,0,0,0,0,0,0,0,0,0,0,0,0,0,0,0,0
F00_1_004_SP8_C.JPG,6,4,5,0,0,35,24,1,0,4,0,0,0,0,36,0,0,0,0,0,0,0.5,0,0,0,0,0,0,0,0,0,0,0,0,0,0,0,0,0,0,0,0,0,0,0,0,0,0,0,0,0,0,0,0,0,0,0,0,0,0,0,0,0,0,0,0,0
F00_1_004_SP9_C.JPG,3,3,3,0,0,40,14,2,0,2,0,0,0,0,42,0,0,0,0,0,0,0,0,0,0,0.5,0,0,0,0,0,0,0,0,0,0,0,0,0,0,0,0,0,0,0,0,0,0,0,0,0,0,0,0,0,0,0,0,0,0,0,0,0,0,0,0,0
F00_3_019_SP1_C.JPG,6,6,6,0,0,6,48,0,0,0,0,0,0,1,0.5,37,0,0,0,0,0,8,0,0,0,0,0,0,0,0,0,0,0,0,0,0,0,0,0,0,0,0,0,0,0,0,0,0,0,0,0,0,0,0,0,0,0,0,0,0,0,0,0,0,0,0,0
F00_3_019_SP2_C.JPG,6,6,6,0,0,14,47,0,0,1,0,0,0,1,0.5,33,0,0,0,0,0,4,0,0,0,0,0,0,0,0,0,0,0,0,0,0,0,0,0,0,0,0,0,0,0,0,0,0,0,0,0,0,0,0,0,0,0,0,0,0,0,0,0,0,0,0,0
F00_3_019_SP3_C.JPG,6,6,6,0,0,25,39,0,0,0,0,0,0,1,0.5,16,0,0,0,0,0,16,0,0,0,0,0,0,0,0,0,0,0,0,0,0,0,0,0,0,0,0,0,0,0,0,0,0,0,0,0,0,0,0,0,0,0,0,0,0,0,0,0,0,0,0,0
F00_3_019_SP4_2.JPG,6,6,6,0,0,7,47,0,0,0,0,0,0,0,1,33,0,0,0,0,0,12,0,0,0,0,0,0,0,0,0,0,0,0,0,0,0,0,0,0,0,0,0,0,0,0,0,0,0,0,0,0,0,0,0,0,0,0,0,0,0,0,0,0,0,0,0
F00_3_019_SP5_2.JPG,6,6,6,0,0,13,48,0,0,0,0,0,0,4,1,30,0,0,0,0,0,4,0,0,0,0,0,0,0,0,0,0,0,0,0,0,0,0,0,0,0,0,0,0,0,0,0,0,0,0,0,0,0,0,0,0,0,0,0,0,0,0,0,0,0,0,0
F00_3_019_SP6_4.JPG,6,6,6,0,0,11,54,0,0,0,0,0,0,0,1,31,0,0,0,0,0,3,0,0,0,0,0,0,0,0,0,0,0,0,0,0,0,0,0,0,0,0,0,0,0,0,0,0,0,0,0,0,0,0,0,0,0,0,0,0,0,0,0,0,0,0,0
F00_3_019_SP7_2.JPG,6,6,6,0,0,15,44,0,0,0,0,0,0,0,2,34,0,0,0,0,0,5,0,0,0,0,0,0,0,0,0,0,0,0,0,0,0,0,0,0,0,0,0,0,0,0,0,0,0,0,0,0,0,0,0,0,0,0,0,0,0,0,0,0,0,0,0
F00_3_019_SP8_2.JPG,6,6,6,0,0,35,14,1,0,0,1,0,0,0,30,17,0,0,0,0,0,2,0,0,0,0,0,0,0,0,0,0,0,0,0,0,0,0,0,0,0,0,0,0,0,0,0,0,0,0,0,0,0,0,0,0,0,0,0,0,0,0,0,0,0,0,0
F00_3_019_SP9_2.JPG,6,6,6,0,0,24,39,0,0,0,0,0,0,0,0.5,23,0,0,0,0,0,14,0,0,0,0,0,0,0,0,0,0,0,0,0,0,0,0,0,0,0,0,0,0,0,0,0,0,0,0,0,0,0,0,0,0,0,0,0,0,0,0,0,0,0,0,0
F01_0_037_SP1_3.JPG,6,6,6,0,0,42,14,2,0,0,0,0,0,0,11,3,13,0,0,0,0,0,0,0,0,0,0,0,15,0,0.5,0,0,0,0,0,0,0,0,0,0,0,0,0,0,0,0,0,0,0,0,0,0,0,0,0,0,0,0,0,0,0,0,0,0,0,0
F01_0_037_SP2_4.JPG,3,2,2.5,0,0,34,4,0,0,0,1,0,0,0,5,8,45,0,0,0,0,0,0,0,0,0,0,0,2,0,1,0,0,0,0,0,0,0,0,0,0,0,0,0,0,0,0,0,0,0,0,0,0,0,0,0,0,0,0,0,0,0,0,0,0,0,0
F01_0_037_SP3_3.JPG,2,6,4,0,0,36,22,3,0,1,0,0,0,0,14,16,2,0,0,0,0,0,0,0,0,0,0,0,6,0,0,0,0,0,0,0,0,0,0,0,0,0,0,0,0,0,0,0,0,0,0,0,0,0,0,0,0,0,0,0,0,0,0,0,0,0,0
F01_0_037_SP4_3.JPG,6,4,5,0,0,50,9,0,0,0,0,0,0,0,32,0,5,0,0,0,0,0,0,0,0,0,0,0,3,0,1,0,0,0,0,0,0,0,0,0,0,0,0,0,0,0,0,0,0,0,0,0,0,0,0,0,0,0,0,0,0,0,0,0,0,0,0
F01_0_037_SP5_2.JPG,4,6,5,0,0,9,48,33,0,1,0,0,0,0,4,0.5,0,0,0,0,0,0,0,0,0,0,0,0,5,0,0,0,0,0,0,0,0,0,0,0,0,0,0,0,0,0,0,0,0,0,0,0,0,0,0,0,0,0,0,0,0,0,0,0,0,0,0
F01_0_037_SP6_2.JPG,6,6,6,0,0,51,6,0,0,0,0,0,0,0,5,10,18,0,0,0,0,0,0,0,0,0,0,0,10,0,0,0,0,0,0,0,0,0,0,0,0,0,0,0,0,0,0,0,0,0,0,0,0,0,0,0,0,0,0,0,0,0,0,0,0,0,0
F01_0_037_SP7_1.JPG,6,4,5,0,0,59,1,0,0,0,0,0,0,0,22,2,3,0,0,0,0,0,0,0,0,0,0,0,3,0,10,0,0,0,0,0,0,0,0,0,0,0,0,0,0,0,0,0,0,0,0,0,0,0,0,0,0,0,0,0,0,0,0,0,0,0,0
F01_0_037_SP8_2.JPG,3,5,4,0,0,32,2,0,0,0,0,0,0,0,7,11,48,0,0,0,0,0,0,0,0,0,0,0,0.5,0.5,0.5,0,0,0,0,0,0,0,0,0,0,0,0,0,0,0,0,0,0,0,0,0,0,0,0,0,0,0,0,0,0,0,0,0,0,0,0
F01_0_037_SP9_4.JPG,3,4,3.5,0,0,27,17,7,0,0,0,0,0,0,2,0,42,0,0,0,0,0,0,0,0,0,0,0,5,0,0,0,0,0,0,0,0,0,0,0,0,0,0,0,0,0,0,0,0,0,0,0,0,0,0,0,0,0,0,0,0,0,0,0,0,0,0
F01_1_XX9_SP1_1.JPG,6,6,6,0,0,42,0,0,0,0,0,0,0,3,55,0,0,0,0,0,0,0.5,0,0,0,0,0,0,0,0,0,0,0,0,0,0,0,0,0,0,0,0,0,0,0,0,0,0,0,0,0,0,0,0,0,0,0,0,0,0,0,0,0,0,0,0,0
F01_1_XX9_SP2_1.JPG,6,4,5,0,0,40,0,0,0,0,0,0,0,0,60,0,0,0,0,0,0,0.5,0,0,0,0,0,0,0,0,0,0,0,0,0,0,0,0,0,0,0,0,0,0,0,0,0,0,0,0,0,0,0,0,0,0,0,0,0,0,0,0,0,0,0,0,0
F01_1_XX9_SP3_4.JPG,6,6,6,0,0,53,1,3,0,0,0,0,0,0,43,0,0,0,0,0,0,0.5,0,0,0,0,0,0,0,0,0,0,0,0,0,0,0,0,0,0,0,0,0,0,0,0,0,0,0,0,0,0,0,0,0,0,0,0,0,0,0,0,0,0,0,0,0
F01_1_XX9_SP4_2.JPG,6,6,6,0,0,66,0,9,0,0,0,0,0,0,25,0,0,0,0,0,0,0,0,0,0,0,0,0,0,0,0,0,0,0,0,0,0,0,0,0,0,0,0,0,0,0,0,0,0,0,0,0,0,0,0,0,0,0,0,0,0,0,0,0,0,0,0
F01_1_XX9_SP5_2.JPG,5,6,5.5,0,0,46,1,3,0,0,0,0,0,0,48,0,0,0,0,0,0,1,0,0,0,0,0,0,0,0,0,0,1,0,0,0,0,0,0,0,0,0,0,0,0,0,0,0,0,0,0,0,0,0,0,0,0,0,0,0,0,0,0,0,0,0,0
F01_1_XX9_SP6_2.JPG,6,6,6,0,0,69,0,0,0,0,0,0,0,0,31,0,0,0,0,0,0,0.5,0,0,0,0,0,0,0,0,0,0,0,0,0,0,0,0,0,0,0,0,0,0,0,0,0,0,0,0,0,0,0,0,0,0,0,0,0,0,0,0,0,0,0,0,0
F01_1_XX9_SP7_2.JPG,3,6,4.5,0,0,65,0,4,0,0,0,0,0,0,31,0,0,0,0,0,0,0,0,0,0,0,0,0,0,0,0,0,0,0,0,0,0,0,0,0,0,0,0,0,0,0,0,0,0,0,0,0,0,0,0,0,0,0,0,0,0,0,0,0,0,0,0
F01_1_XX9_SP8_1.JPG,5,3,4,0,0,74,4,1,0,0,0,0,0,0,21,0,0,0,0,0,0,0.5,0,0,0,0,0,0,0,0,0,0,0,0,0,0,0,0,0,0,0,0,0,0,0,0,0,0,0,0,0,0,0,0,0,0,0,0,0,0,0,0,0,0,0,0,0
F01_1_XX9_SP9_2.JPG,3,4,3.5,0,0,68,0,1,0,0,0,0,0,0,31,0,0,0,0,0,0,0,0,0,0,0,0,0,0,0,0,0,0,0,0,0,0,0,0,0,0,0,0,0,0,0,0,0,0,0,0,0,0,0,0,0,0,0,0,0,0,0,0,0,0,0,0
F01_2_X10_SP1_5.JPG,6,6,6,0,0,74,5,0,0,0,0,0,0,0,21,0,0,0,0,0,0,0,0,0,0,0,0,0,0,0,0,0,0,0,0,0,0,0,0,0,0,0,0,0,0,0,0,0,0,0,0,0,0,0,0,0,0,0,0,0,0,0,0,0,0,0,0
F01_2_X10_SP2_2.JPG,5,6,5.5,0,0,75,7,5,0,0,0,0,0,0,13,0,0,0,0,0,0,0,0,0,0,0,0,0,0,0,0,0,0,0,0,0,0,0,0,0,0,0,0,0,0,0,0,0,0,0,0,0,0,0,0,0,0,0,0,0,0,0,0,0,0,0,0
F01_2_X10_SP3_1.JPG,6,6,6,0,0,85,4,2,0,0,0,0,0,0,9,0,0,0,0,0,0,0,0,0,0,0,0,0,0,0,0,0,0,0,0,0,0,0,0,0,0,0,0,0,0,0,0,0,0,0,0,0,0,0,0,0,0,0,0,0,0,0,0,0,0,0,0
F01_2_X10_SP4_2.JPG,6,6,6,0,0,65,13,4,0,0,0,0,0,0,18,0,0,0,0,0,0,0.5,0,0,0,0,0,0,0,0,0,0,0,0,0,0,0,0,0,0,0,0,0,0,0,0,0,0,0,0,0,0,0,0,0,0,0,0,0,0,0,0,0,0,0,0,0
F01_2_X10_SP5_2.JPG,3,4,3.5,0,0,44,20,1,0,0,0,0,0,0,27,0,0,0,0,0,0,0,0,0,0,0,0,0,0,0,0,0,8,0,0,0,0,0,0,0,0,0,0,0,0,0,0,0,0,0,0,0,0,0,0,0,0,0,0,0,0,0,0,0,0,0,0
F01_2_X10_SP6_1.JPG,6,0,3,0,0,77,3,6,0,0,0,0,0,0,14,0,0,0,0,0,0,0,0,0,0,0,0,0,0,0,0,0,0,0,0,0,0,0,0,0,0,0,0,0,0,0,0,0,0,0,0,0,0,0,0,0,0,0,0,0,0,0,0,0,0,0,0
F01_2_X10_SP7_4.JPG,6,3,4.5,0,0,77,5,1,0,0,0,0,0,0,17,0,0,0,0,0,0,0.5,0,0,0,0,0,0,0,0,0,0,0,0,0,0,0,0,0,0,0,0,0,0,0,0,0,0,0,0,0,0,0,0,0,0,0,0,0,0,0,0,0,0,0,0,0
F01_2_X10_SP8_2.JPG,6,5,5.5,0,0,58,8,4,0,0,0,0,0,0,30,0,0,0,0,0,0,0.5,0,0,0,0,0,0,0,0,0,0,0,0,0,0,0,0,0,0,0,0,0,0,0,0,0,0,0,0,0,0,0,0,0,0,0,0,0,0,0,0,0,0,0,0,0
F01_2_X10_SP9_5.JPG,5,5,5,0,0,71,7,0,0,0,0,0,0,0,22,0,0,0,0,0,0,0,0,0,0,0,0,0,0,0,0,0,0,0,0,0,0,0,0,0,0,0,0,0,0,0,0,0,0,0,0,0,0,0,0,0,0,0,0,0,0,0,0,0,0,0,0
F02_0_097_SP1_1.JPG,6,5,5.5,1,1,3,69,15,0,2,1,0,0,0,1,8,0.5,0,0,1,0,0,0,0,0,0,0,0,0,0,0,0,0,0,0,0,0,0,0,0,0,0,0,0,0,0,0,0,0,0,0,0,0,0,0,0,0,0,0,0,0,0,0,0,0,0,0
F02_0_097_SP2_1.JPG,6,6,6,0,0,19,15,1,0,4,0,2,0,0,0,9,50,0,0,0.5,0,0,0,0,0,0,0,0,0,0,0,0,0,0,0,0,0,0,0,0,0,0,0,0,0,0,0,0,0,0,0,0,0,0,0,0,0,0,0,0,0,0,0,0,0,0,0
F02_0_097_SP3_1.JPG,6,5,5.5,0,0,22,33,6,0,5,0,0,0,0,0,7,27,0,0,0.5,0,0,0,0,0,0,0,0,0,0,0,0,0,0,0,0,0,0,0,0,0,0,0,0,0,0,0,0,0,0,0,0,0,0,0,0,0,0,0,0,0,0,0,0,0,0,0
F02_0_097_SP4_2.JPG,6,6,6,0,0,9,67,4,0,0,0,1,0,0,0,14,2,3,0,0.5,0,0,0,0,0,0,0,0,0,0,0,0,0,0,0,0,0,0,0,0,0,0,0,0,0,0,0,0,0,0,0,0,0,0,0,0,0,0,0,0,0,0,0,0,0,0,0
F02_0_097_SP5_1.JPG,6,6,6,0,0,9,72,4,0,0,0,0,0,0,1,14,0,0,0,0.5,0,0,0,0,0,0,0,0,0,0,0,0,0,0,0,0,0,0,0,0,0,0,0,0,0,0,0,0,0,0,0,0,0,0,0,0,0,0,0,0,0,0,0,0,0,0,0
F02_0_097_SP6_2.JPG,6,5,5.5,0,0,16,3,0,0,2,0,0,0,0,0,7,72,0,0,0.5,0,0,0,0,0,0,0,0,0,0,0,0,0,0,0,0,0,0,0,0,0,0,0,0,0,0,0,0,0,0,0,0,0,0,0,0,0,0,0,0,0,0,0,0,0,0,0
F02_0_097_SP7_2.JPG,2,2,2,0,0,1,45,54,0,0,0,0,0,0,0,0.5,0,0,0,0,0,0,0,0,0,0,0,0,0,0,0,0,0,0,0,0,0,0,0,0,0,0,0,0,0,0,0,0,0,0,0,0,0,0,0,0,0,0,0,0,0,0,0,0,0,0,0
F02_0_097_SP8_2.JPG,6,5,5.5,0,0,18,44,9,0,1,1,0,0,0,1,11,15,0,0,0.5,0,0,0,0,0,0,0,0,0,0,0,0,0,0,0,0,0,0,0,0,0,0,0,0,0,0,0,0,0,0,0,0,0,0,0,0,0,0,0,0,0,0,0,0,0,0,0
F02_0_097_SP9_2.JPG,6,6,6,0,0,6,73,9,0,1,0,0,0,0,0,5,4,0,0.5,2,0,0,0,0,0,0,0,0,0,0,0,0,0,0,0,0,0,0,0,0,0,0,0,0,0,0,0,0,0,0,0,0,0,0,0,0,0,0,0,0,0,0,0,0,0,0,0
F02_1_XX6_SP1_2.JPG,3,3,3,0,0,10,3,0,0,9,0,0,0,0,64,0,0,0,0,0,0,14,0,0,0,0,0,0,0,0,0,0,0,0,0,0,0,0,0,0,0,0,0,0,0,0,0,0,0,0,0,0,0,0,0,0,0,0,0,0,0,0,0,0,0,0,0
F02_1_XX6_SP2_2.JPG,6,5,5.5,0,0,35,1,0,0,6,2,0,0,0,53,0,0,0,0,0,0,3,0,0,0,0,0,0,0,0,0,0,0,0,0,0,0,0,0,0,0,0,0,0,0,0,0,0,0,0,0,0,0,0,0,0,0,0,0,0,0,0,0,0,0,0,0
F02_1_XX6_SP3_1.JPG,6,6,6,0,0,30,3,0,0,10,1,0,0,2,51,0,0,0,0,0,0,3,0,0,0,0,0,0,0,0,0,0,0,0,0,0,0,0,0,0,0,0,0,0,0,0,0,0,0,0,0,0,0,0,0,0,0,0,0,0,0,0,0,0,0,0,0
F02_1_XX6_SP4_3.JPG,6,5,5.5,0,0,43,1,0,0,6,0,0,0,1,44,0,0,0,0,0,0,5,0,0,0,0,0,0,0,0,0,0,0,0,0,0,0,0,0,0,0,0,0,0,0,0,0,0,0,0,0,0,0,0,0,0,0,0,0,0,0,0,0,0,0,0,0
F02_1_XX6_SP5_3.JPG,6,5,5.5,0,0,35,0,0,0,18,0,0,0,0,43,0,0,0,0,0,0,4,0,0,0,0,0,0,0,0,0,0,0,0,0,0,0,0,0,0,0,0,0,0,0,0,0,0,0,0,0,0,0,0,0,0,0,0,0,0,0,0,0,0,0,0,0
F02_1_XX6_SP6_4.JPG,6,3,4.5,0,0,36,3,0,0,8,0,0,0,1,30,0,0,0,0,0,0,22,0,0,0,0,0,0,0,0,0,0,0,0,0,0,0,0,0,0,0,0,0,0,0,0,0,0,0,0,0,0,0,0,0,0,0,0,0,0,0,0,0,0,0,0,0
F02_1_XX6_SP7_3.JPG,6,6,6,0,0,48,1,0,0,4,1,0,0,0,34,0,0,0,0,0,0,12,0,0,0,0,0,0,0,0,0,0,0,0,0,0,0,0,0,0,0,0,0,0,0,0,0,0,0,0,0,0,0,0,0,0,0,0,0,0,0,0,0,0,0,0,0
F02_1_XX6_SP8_2.JPG,4,6,5,0,0,59,12,0,0,1,0,0,0,0,22,0,0,0,0,0,0,6,0,0,0,0,0,0,0,0,0,0,0,0,0,0,0,0,0,0,0,0,0,0,0,0,0,0,0,0,0,0,0,0,0,0,0,0,0,0,0,0,0,0,0,0,0
F02_1_XX6_SP9_4.JPG,5,NA,5,0,0,56,0,0,0,2,0,0,0,0,36,0,0,0,0,0,0,6,0,0,0,0,0,0,0,0,0,0,0,0,0,0,0,0,0,0,0,0,0,0,0,0,0,0,0,0,0,0,0,0,0,0,0,0,0,0,0,0,0,0,0,0,0
F02_2_XX7_SP1_5.JPG,5,4,4.5,0,0,44,4,0,0,6,0,0,0,0,43,0,0,0,0,0,0,3,0,0,0,0,0,0,0,0,0,0,0,0,0,0,0,0,0,0,0,0,0,0,0,0,0,0,0,0,0,0,0,0,0,0,0,0,0,0,0,0,0,0,0,0,0
F02_2_XX7_SP2_3.JPG,6,6,6,0,0,47,5,0,0,5,0,0,0,0,28,0,0,0,0,0,0,15,0,0,0,0,0,0,0,0,0,0,0,0,0,0,0,0,0,0,0,0,0,0,0,0,0,0,0,0,0,0,0,0,0,0,0,0,0,0,0,0,0,0,0,0,0
F02_2_XX7_SP3_3.JPG,3,6,4.5,0,0,66,7,0,0,3,0,0,0,0,20,0,0,0,0,0,0,4,0,0,0,0,0,0,0,0,0,0,0,0,0,0,0,0,0,0,0,0,0,0,0,0,0,0,0,0,0,0,0,0,0,0,0,0,0,0,0,0,0,0,0,0,0
F02_2_XX7_SP4_1.JPG,6,6,6,0,0,74,1,0,0,3,0,0,0,0,16,0,0,0,0,0,0,6,0,0,0,0,0,0,0,0,0,0,0,0,0,0,0,0,0,0,0,0,0,0,0,0,0,0,0,0,0,0,0,0,0,0,0,0,0,0,0,0,0,0,0,0,0
F02_2_XX7_SP5_1.JPG,5,6,5.5,0,0,69,1,0,0,3,0,0,0,0,22,0,0,0,0,0,0,5,0,0,0,0,0,0,0,0,0,0,0,0,0,0,0,0,0,0,0,0,0,0,0,0,0,0,0,0,0,0,0,0,0,0,0,0,0,0,0,0,0,0,0,0,0
F02_2_XX7_SP6_2.JPG,5,3,4,0,0,71,3,0,0,3,1,0,0,0,19,0,0,0,0,0,0,1,2,0,0,0,0,0,0,0,0,0,0,0,0,0,0,0,0,0,0,0,0,0,0,0,0,0,0,0,0,0,0,0,0,0,0,0,0,0,0,0,0,0,0,0,0
F02_2_XX7_SP7_3.JPG,4,6,5,0,0,72,1,0,0,2,0,0,0,0,21,0,0,0,0,0,0,4,0,0,0,0,0,0,0,0,0,0,0,0,0,0,0,0,0,0,0,0,0,0,0,0,0,0,0,0,0,0,0,0,0,0,0,0,0,0,0,0,0,0,0,0,0
F02_2_XX7_SP8_1.JPG,6,5,5.5,0,0,77,2,0,0,0,0,0,0,0,19,0,0,0,0,0,0,2,0,0,0,0,0,0,0,0,0,0,0,0,0,0,0,0,0,0,0,0,0,0,0,0,0,0,0,0,0,0,0,0,0,0,0,0,0,0,0,0,0,0,0,0,0
F02_2_XX7_SP9_2.JPG,NA,NA,NA,0,0,78,12,0,0,1,0,0,0,0,8,0,0,0,0,0,0,1,0,0,0,0,0,0,0,0,0,0,0,0,0,0,0,0,0,0,0,0,0,0,0,0,0,0,0,0,0,0,0,0,0,0,0,0,0,0,0,0,0,0,0,0,0
F02_3_XX5_SP1_3.JPG,3,6,4.5,0,0,6,0,0,0,18,3,0,0,0,69,0,0,0,0,0,0,4,0,0,0,0,0,0,0,0,0,0,0,0,0,0,0,0,0,0,0,0,0,0,0,0,0,0,0,0,0,0,0,0,0,0,0,0,0,0,0,0,0,0,0,0,0
F02_3_XX5_SP2_2.JPG,1,5,3,0,0,39,25,0,0,11,0,0,0,0,19,0,0,0,0,0,0,0.5,0,6,0,0,0,0,0,0,0,0,0,0,0,0,0,0,0,0,0,0,0,0,0,0,0,0,0,0,0,0,0,0,0,0,0,0,0,0,0,0,0,0,0,0,0
F02_3_XX5_SP3_2.JPG,6,4,5,0,0,23,2,0,0,18,0,0,0,0,57,0,0,0,0,0,0,0.5,0,0,0,0,0,0,0,0,0,0,0,0,0,0,0,0,0,0,0,0,0,0,0,0,0,0,0,0,0,0,0,0,0,0,0,0,0,0,0,0,0,0,0,0,0
F02_3_XX5_SP4_3.JPG,1,6,3.5,0,0,33,0,0,0,14,0,0,0,0,53,0,0,0,0,0,0,0.5,0,0,0,0,0,0,0,0,0,0,0,0,0,0,0,0,0,0,0,0,0,0,0,0,0,0,0,0,0,0,0,0,0,0,0,0,0,0,0,0,0,0,0,0,0
F02_3_XX5_SP5_2.JPG,6,4,5,0,0,21,8,0,0,13,0,0,0,0,57,0,0,0,0,0,0,1,0,0,0,0,0,0,0,0,0,0,0,0,0,0,0,0,0,0,0,0,0,0,0,0,0,0,0,0,0,0,0,0,0,0,0,0,0,0,0,0,0,0,0,0,0
F02_3_XX5_SP6_2.JPG,6,6,6,0,0,31,2,0,0,12,0,0,0,0,54,0,0,0,0,0,0,1,0,0,0,0,0,0,0,0,0,0,0,0,0,0,0,0,0,0,0,0,0,0,0,0,0,0,0,0,0,0,0,0,0,0,0,0,0,0,0,0,0,0,0,0,0
F02_3_XX5_SP7_2.JPG,6,6,6,0,0,36,0,0,0,15,1,0,0,0,48,0,0,0,0,0,0,0.5,0,0,0,0,0,0,0,0,0,0,0,0,0,0,0,0,0,0,0,0,0,0,0,0,0,0,0,0,0,0,0,0,0,0,0,0,0,0,0,0,0,0,0,0,0
F02_3_XX5_SP8_2.JPG,5,6,5.5,0,0,33,8,0,0,4,1,0,0,0,39,0,0,0,0,0,0,15,0,0,0,0,0,0,0,0,0,0,0,0,0,0,0,0,0,0,0,0,0,0,0,0,0,0,0,0,0,0,0,0,0,0,0,0,0,0,0,0,0,0,0,0,0
F02_3_XX5_SP9_2.JPG,5,1,3,NA,1,27,1,0,0,14,0,0,0,1,53,0,0,0,0,0,0,4,0,0,0,0,0,0,0,0,0,0,0,0,0,0,0,0,0,0,0,0,0,0,0,0,0,0,0,0,0,0,0,0,0,0,0,0,0,0,0,0,0,0,0,0,0
F03_0_116_SP1_2.JPG,6,6,6,14,1,14,45,0,0,1,0,0,0,0,14,14,2,6,0,1,0,0,0,0,0,0,0,0,3,0,0,0,0,0,0,0,0,0,0,0,0,0,0,0,0,0,0,0,0,0,0,0,0,0,0,0,0,0,0,0,0,0,0,0,0,0,0
F03_0_116_SP2_2.JPG,6,6,6,2,1,9,44,0,0,0,1,0,0,0,8,4,18,10,0,0,0,0,0,0,3,0,0,0,1,0,0,0,0,0,1,0,0,1,0,0,0,0,0,0,0,0,0,0,0,0,0,0,0,0,0,0,0,0,0,0,0,0,0,0,0,0,0
F03_0_116_SP3_4.JPG,4,5,4.5,41,1,5,19,0,0,0,0,0,0,0,1,23,48,2,0,0,0,0,0,0,0.5,0,0,0,0,0,0,0,0,0,0,0,2,0.5,0,0,0,0,0,0,0,0,0,0,0,0,0,0,0,0,0,0,0,0,0,0,0,0,0,0,0,0,0
F03_0_116_SP4_2.JPG,6,6,6,2,1,12,44,0,0,0,0,0,0,4,0.5,37,1,2,0,0,0,0,0,0,0.5,0,0,0,0,0,0,0,0,0,0,0,0,0.5,0,0,0.5,0,0,0,0,0,0,0,0,0,0,0,0,0,0,0,0,0,0,0,0,0,0,0,0,0,0
F03_0_116_SP5_2.JPG,6,4,5,0,0,20,32,0,0,1,0,0,0,0,1,29,13,3,0,0,0,0,0,0,0,0,0,0,0.5,0,0,0,0,0,0,0,0,0,0,0,0,0,1,0,0,0,0,0,0,0,0,0,0,0,0,0,0,0,0,0,0,0,0,0,0,0,0
F03_0_116_SP6_2.JPG,6,5,5.5,4,1,13,50,3,0,1,0,4,1,0,1,19,2,4,0,0,0,0,0,0,2,0,0,0,0,0,0,0,0,0,0,0,0,0.5,0,0,0,0,0.5,0,0,0,0,0,0,0,0,0,0,0,0,0,0,0,0,0,0,0,0,0,0,0,0
F03_0_116_SP7_2.JPG,4,5,4.5,0,0,11,66,4,0,0,1,0,0,0,0.5,16,0,2,0,0,0,0,0,0,0.5,0,0,0,0,0,0,0,0,0,0,0,0.5,0.5,0,0,0,0,0,0,0,0,0,0,0,0,0,0,0,0,0,0,0,0,0,0,0,0,0,0,0,0,0
F03_0_116_SP8_2.JPG,5,5,5,55,1,19,27,0,0,0,0,0,0,0,0.5,21,30,2,0,0,0,0,0,0,0.5,0,0,0,0,0,0,0,0,0,0,0,0,0,1,0,0,0.5,0,0,0,0,0,0,0,0,0,0,0,0,0,0,0,0,0,0,0,0,0,0,0,0,0
F03_0_116_SP9_3.JPG,6,6,6,65,1,25,42,0,0,0,0,0,0,1,0,21,5,6,0,0,0,0,0,0,0.5,0,0,0,0,0,0,0,0,0,0,0,0,0.5,0,0.5,0,0,0,0,0,0,0,0,0,0,0,0,0,0,0,0,0,0,0,0,0,0,0,0,0,0,0
F03_3_111_SP1_2.JPG,6,6,6,0,0,23,0,0,0,0,1,0,0,0,74,2,0,0,0,0,0,0,0,0,0,0,0,0,0,0,0,0,0,0,0,0,0,0,0,0,0,0,0,0,0,0,0,0,0,0,0,0,0,0,0,0,0,0,0,0,0,0,0,0,0,0,0
F03_3_111_SP2_3.JPG,6,5,5.5,0,0,26,0,0,0,0,0,0,0,0,59,8,0,0,0,0,0,0,0,0,0,0,0,0,0,0,0,0,0,0,0,0,0,0,0,0,0,0,0,0,7,0,0,0,0,0,0,0,0,0,0,0,0,0,0,0,0,0,0,0,0,0,0
F03_3_111_SP3_2.JPG,4,3,3.5,0,0,17,0,0,0,0,0,0,0,0,82,1,0,0,0,0,0,0,0,0,0,0,0,0,0,0,0,0,0,0,0,0,0,0,0,0,0,0,0,0,0.5,0,0,0,0,0,0,0,0,0,0,0,0,0,0,0,0,0,0,0,0,0,0
F03_3_111_SP4_4.JPG,6,2,4,0,0,26,0,0,0,0,0,0,0,0,66,8,0,0,0,0,0,0,0,0,0,0,0,0,0,0,0,0,0,0,0,0,0,0,0,0,0,0,0,0,0,0,0,0,0,0,0,0,0,0,0,0,0,0,0,0,0,0,0,0,0,0,0
F03_3_111_SP5_1.JPG,3,4,3.5,0,0,22,1,0,0,0,0,0,0,0,69,6,0,0,0,0,0,2,0,0,0,0,0,0.5,0,0,0,0,0,0,0,0,0,0,0,0,0,0,0,0,0,0,0,0,0,0,0,0,0,0,0,0,0,0,0,0,0,0,0,0,0,0,0
F03_3_111_SP6_3.JPG,4,NA,4,0,0,33,0,0,0,0,0,0,0,1,43,13,0,0,0,0,0,0,0,0,0,0,0,0,0,0,0,0,0,0,0,0,0,0,0,0,0,0,0,8,2,0,0,0,0,0,0,0,0,0,0,0,0,0,0,0,0,0,0,0,0,0,0
F03_3_111_SP7_2.JPG,6,6,6,0,0,37,0,0,0,0,0,0,0,1,43,18,0,0,0,0,0,0,0,0,0,0,0,0.5,0,0,0,0,0,0,0,0,0,0,0,0,0,0,0,1,0,0,0,0,0,0,0,0,0,0,0,0,0,0,0,0,0,0,0,0,0,0,0
F03_3_111_SP8_3.JPG,6,6,6,0,0,38,0,0,0,0,0,0,0,1,52,5,0,0,0,0,0,0,0,0,0,0,0,0,0,0,0,0,0,0,0,0,0,0,0,0,0,0,0,2,0,2,0,0,0,0,0,0,0,0,0,0,0,0,0,0,0,0,0,0,0,0,0
F03_3_111_SP9_4.JPG,5,6,5.5,0,0,53,1,0,0,0,0,0,0,1,27,12,0,0,0,0,0,0,0,0,0,0,0,0,0,0,0,0,0,0,0,0,0,0,0,0,0,0,0,6,0,0,0.5,0,0,0,0,0,0,0,0,0,0,0,0,0,0,0,0,0,0,0,0
F04_0_139_SP1_1.JPG,5,5,5,0,0,10,67,4,0,2,0,0,0,0,2,0,1,0,13,1,0,0,0,0,0,0,0,0,0,0,0,0,0,0,0,0,0,0,0,0,0,0,0,0,0,0,0,0,0,0,0,0,0,0,0,0,0,0,0,0,0,0,0,0,0,0,0
F04_0_139_SP2_1.JPG,3,4,3.5,0,0,15,17,0,0,1,0,0,0,0,12,0,38,0,17,0.5,0,0,0,0,0,0,0,0,0,0,0,0,0,0,0,0,0,0,0,0,0,0,0,0,0,0,0,0,0,0,0,0,0,0,0,0,0,0,0,0,0,0,0,0,0,0,0
F04_0_139_SP3_1.JPG,4,4,4,0,0,5,90,0,0,0,0,0,0,0,2,0,0,0,0.5,3,0,0,0,0,0,0,0,0,0,0,0,0,0,0,0,0,0,0,0,0,0,0,0,0,0,0,0,0,0,0,0,0,0,0,0,0,0,0,0,0,0,0,0,0,0,0,0
F04_0_139_SP4_4.JPG,5,6,5.5,0,0,9,88,0,0,0,0,0,0,0,1,0,1,0,0,1,0,0,0,0,0,0,0,0,0,0,0,0,0,0,0,0,0,0,0,0,0,0,0,0,0,0,0,0,0,0,0,0,0,0,0,0,0,0,0,0,0,0,0,0,0,0,0
F04_0_139_SP5_1.JPG,6,6,6,0,0,7,62,7,0,1,0,0,0,0,20,0,3,0,0.5,0.5,0,0,0,0,0,0,0,0,0,0,0,0,0,0,0,0,0,0,0,0,0,0,0,0,0,0,0,0,0,0,0,0,0,0,0,0,0,0,0,0,0,0,0,0,0,0,0
F04_0_139_SP6_2.JPG,6,6,6,0,0,3,74,3,0,1,0,0,0,0,11,0,0,0,1,4,0,0,0,0,0,0,0,0,0,0,0,0,0,0,0,0,0,0,0,0,0,0,0,0,0,0,0,0,3,0,0,0,0,0,0,0,0,0,0,0,0,0,0,0,0,0,0
F04_0_139_SP7_2.JPG,6,6,6,0,0,7,41,1,0,1,0,0,0,0,17,0,31,0.5,1,1,0,0,0,0,0,0,0,0,0,0,0,0,0,0,0,0,0,0,0,0,0,0,0,0,0,0,0,0.5,0,0,0,0,0,0,0,0,0,0,0,0,0,0,0,0,0,0,0
F04_0_139_SP8_2.JPG,6,5,5.5,0,0,5,74,3,0,1,0,0,0,0,15,0,1,0,0.5,1,0,0,0,0,0,0.5,0,0,0,0,0,0,0,0,0,0,0,0,0,0,0,0,0,0,0,0,0,0,0,0,0,0,0,0,0,0,0,0,0,0,0,0,0,0,0,0,0
F04_0_139_SP9_3.JPG,3,6,4.5,0,0,9,52,2,0,0,1,0,0,0,30,0,6,0,0,0.5,0,0,0,0,0,0.5,0,0,0,0,0,0,0,0,0,0,0,0,0,0,0,0,0,0,0,0,0,0.5,0,0.5,0,0,0,0,0,0,0,0,0,0,0,0,0,0,0,0,0
F04_1_120_SP1_2.JPG,4,4,4,0,0,14,46,0,0,0,0,0,0,0,35,0,0,0,3,0,0,2,0,0,0,0,0,0,0,0,0,0,0,0,0,0,0,0,0,0,0,0,0,0,0,0,0,0,0,0,0,0,0,0,0,0,0,0,0,0,0,0,0,0,0,0,0
F04_1_120_SP2_1.JPG,3,5,4,0,0,31,15,0,0,0,0,0,0,2,52,0,0,0,0,0.5,0,0.5,0,0,0,0,0,0,0,0,0,0,0,0,0,0,0,0,0,0,0,0,0,0,0,0,0,0,0,0,0,0,0,0,0,0,0,0,0,0,0,0,0,0,0,0,0
F04_1_120_SP3_1.JPG,5,3,4,0,0,25,40,1,0,0,0,0,0,0,29,0,0,0,0,1,0,4,0,0,0,0,0,0,0,0,0,0,0,0,0,0,0,0,0,0,0,0,0,0,0,0,0,0,0,0,0,0,0,0,0,0,0,0,0,0,0,0,0,0,0,0,0
F04_1_120_SP4_1.JPG,5,3,4,0,0,29,34,1,0,0,0,0,0,0,36,0,0,0,0,0.5,0,0,0,0,0,0,0,0,0,0,0,0,0,0,0,0,0,0,0,0,0,0,0,0,0,0,0,0,0,0,0,0,0,0,0,0,0,0,0,0,0,0,0,0,0,0,0
F04_1_120_SP5_1.JPG,3,3,3,0,0,45,13,0,0,0,0,0,0,0,41,0,0,0,0,0.5,0,1,0,0,0,0,0,0,0,0,0,0,0,0,0,0,0,0,0,0,0,0,0,0,0,0,0,0,0,0,0,0,0,0,0,0,0,0,0,0,0,0,0,0,0,0,0
F04_1_120_SP6_1.JPG,4,3,3.5,0,0,58,21,0,0,0,0,0,0,0,21,0,0,0,0,0.5,0,0,0,0,0,0,0,0,0,0,0,0,0,0,0,0,0,0,0,0,0,0,0,0,0,0,0,0,0,0,0,0,0,0,0,0,0,0,0,0,0,0,0,0,0,0,0
F04_1_120_SP7_2.JPG,3,6,4.5,0,0,39,21,0,0,0,0,0,0,0,40,0,0,0,0,0.5,0,0.5,0,0,0,0,0,0,0,0,0,0,0,0,0,0,0,0,0,0,0,0,0,0,0,0,0,0,0,0,0,0,0,0,0,0,0,0,0,0,0,0,0,0,0,0,0
F04_1_120_SP8_6.JPG,5,4,4.5,0,0,26,34,0,0,0,0,0,0,0,38,0,0,0,0,0,0,2,0,0,0,0,0,0,0,0,0,0,0,0,0,0,0,0,0,0,0,0,0,0,0,0,0,0,0,0,0,0.5,0,0,0,0,0,0,0,0,0,0,0,0,0,0,0
F04_1_120_SP9_3.JPG,5,3,4,0,0,36,38,0,0,0,0,0,0,0,26,0,0,0,0,0,0,0,0,0,0,0,0,0,0,0,0,0,0,0,0,0,0,0,0,0,0,0,0,0,0,0,0,0,0,0,0,0,0,0,0,0,0,0,0,0,0,0,0,0,0,0,0
F04_2_125_SP1_1.JPG,5,6,5.5,0,0,58,17,8,0,0,0,0,0,0,4,0,0,0,0,0,0,3,0,0,0,0,0,0,0,0,0,0,0,0,0,0,0,0,0,0,0,0,0,0,0,0,0,0,0,0,10,0,0,0,0,0,0,0,0,0,0,0,0,0,0,0,0
F04_2_125_SP2_2.JPG,4,6,5,0,0,64,9,5,0,0,0,0,0,1,17,0,0,0,0,0,0,0.5,0,0,0,0,0,0,0,0,0,0,0,0,0,0,0,0,0,0,0,0,0,0,0,0,0,0,0,0,4,0,0,0,0,0,0,0,0,0,0,0,0,0,0,0,0
F04_2_125_SP3_2.JPG,6,6,6,0,0,47,10,6,0,0,0,0,0,0,32,0,0,0,0,0,0,0,0,0,0,0,0,1,0,0,0,0,0,0,0,0,0,0,0,0,0,0,0,0,0,0,0,0,0,0,4,0,0,0,0,0,0,0,0,0,0,0,0,0,0,0,0
F04_2_125_SP4_4.JPG,6,6,6,0,0,44,39,1,0,0,0,0,0,2,11,0,0,0,0,0,0,0.5,0,0,0,0,0,0,0,0,0,0,0,0,0,0,0,0,0,0,0,0,0,0,0,0,0,0,0,0,3,0,0,0,0,0,0,0,0,0,0,0,0,0,0,0,0
F04_2_125_SP5_4.JPG,6,6,6,0,0,43,5,17,0,0,0,0,0,0,31,0,0,0,0,0,0,0.5,0,0,0,0,0,0,0,0,0,0,0,0,0,0,0,0,0,0,0,0,0,0,0,0,0,0,0,0,4,0,0,0,0,0,0,0,0,0,0,0,0,0,0,0,0
F04_2_125_SP6_3.JPG,6,6,6,0,0,40,42,0,0,0,0,0,0,0,10,1,0,0,0,0,0,0,0,0,0,0,0,0,0,0,0,0,0,0,0,0,0,0,0,0,0,0,0,0,0,0,0,0,0,0,7,0,0,0,0,0,0,0,0,0,0,0,0,0,0,0,0
F04_2_125_SP7_7.JPG,6,6,6,NA,1,69,7,6,0,0,0,0,0,0,11,0,0,0,0,0,0,3,0,0,0,0,0,0,0,0,0,0,0,0,0,0,0,0,0,0,0,0,0,0,0,0,0,0,0,0,4,0,0,0,0,0,0,0,0,0,0,0,0,0,0,0,0
F04_2_125_SP8_1.JPG,6,6,6,NA,1,59,15,12,0,0,0,0,0,0,0.5,0,0,0,0,0,0,0.5,0,0,0,0,0,0,0,0,0,0,0,0,0,0,0,0,0,0,0,0,0,0,0,0,0,0,0,0,14,0,0,0,0,0,0,0,0,0,0,0,0,0,0,0,0
F04_2_125_SP9_3.JPG,5,6,5.5,NA,1,52,7,6,0,0,0,0,0,2,27,1,0,0,0,0,0,1,0,0,0,0,0,0,0,0,0,0,0,0,0,0,0,0,0,0,0,0,0,0,0,0,0,0,0,0,4,0,0,0,0,0,0,0,0,0,0,0,0,0,0,0,0
F04_3_134_SP1_3.JPG,6,6,6,0,0,33,26,9,0,0,0,0,0,0,27,0,0,0,0,0,0,5,0,0,0,0,0,0.5,0,0,0,0,0,0,0,0,0,0,0,0,0,0,0,0,0,0,0,0,0,0,0,0,0,0,0,0,0,0,0,0,0,0,0,0,0,0,0
F04_3_134_SP2_4.JPG,3,4,3.5,0,0,46,9,5,0,0,0,0,0,0,37,0,0,0,0,0,0,3,0,0,0,0,0,0,0,0,0,0,0,0,0,0,0,0,0,0,0,0,0,0,0,0,0,0,0,0,0,0,0,0,0,0,0,0,0,0,0,0,0,0,0,0,0
F04_3_134_SP3_5.JPG,6,6,6,0,0,51,17,0,0,0,0,0,0,0,22,0,0,0,0,0,0,10,0,0,0,0,0,0,0,0,0,0,0,0,0,0,0,0,0,0,0,0,0,0,0,0,0,0,0,0,0,0,0,0,0,0,0,0,0,0,0,0,0,0,0,0,0
F04_3_134_SP4_4.JPG,6,6,6,0,0,41,28,1,0,0,0,0,0,0,28,0,0,0,0,0,0,2,0,0,0,0,0,0,0,0,0,0,0,0,0,0,0,0,0,0,0,0,0,0,0,0,0,0,0,0,0,0,0,0,0,0,0,0,0,0,0,0,0,0,0,0,0
F04_3_134_SP5_1.JPG,6,6,6,0,0,38,15,4,0,0,0,0,0,0,43,0,0,0,0,0,0,0.5,0,0,0,0,0,0,0,0,0,0,0,0,0,0,0,0,0,0,0,0,0,0,0,0,0,0,0,0,0,0,0,0,0,0,0,0,0,0,0,0,0,0,0,0,0
F04_3_134_SP6_4.JPG,6,6,6,0,0,60,7,5,0,0,0,0,0,0,18,0,0,0,0,0,0,3,0,0,0,0,0,0,0,0,0,0,0,0,0,0,0,0,0,0,0,0,0,0,0,0,0,0,0,0,7,0,0,0,0,0,0,0,0,0,0,0,0,0,0,0,0
F04_3_134_SP7_3.JPG,6,6,6,0,0,50,21,7,0,0,0,0,0,0,21,0,0,0,0,0,0,1,0,0,0,0,0,0,0,0,0,0,0,0,0,0,0,0,0,0,0,0,0,0,0,0,0,0,0,0,0,0,0,0,0,0,0,0,0,0,0,0,0,0,0,0,0
F04_3_134_SP8_3.JPG,6,6,6,0,0,47,16,0,0,0,0,0,0,0,36,1,0,0,0,0,0,0.5,0,0,0,0,0,0,0,0,0,0,0,0,0,0,0,0,0,0,0,0,0,0,0,0,0,0,0,0,0,0,0,0,0,0,0,0,0,0,0,0,0,0,0,0,0
F04_3_134_SP9_5.JPG,4,3,3.5,0,0,25,30,0,0,0,0,0,0,0,44,0,0,0,0,0,0,1,0,0,0,0,0,0,0,0,0,0,0,0,0,0,0,0,0,0,0,0,0,0,0,0,0,0,0,0,0.5,0,0,0,0,0,0,0,0,0,0,0,0,0,0,0,0
F05_1_X11_SP1_4.JPG,2,1,1.5,0,0,23,49,12,0,0,0,0,0,0,12,0,0,0,3,0,0,1,0,0,0,0,0,0,0,0,0,0,0,0,0,0,0,0,0.5,0,0,0,0,0,0,0,0,0,0,0,0.5,0,0,0.5,0.5,0,0,0,0,0,0,0,0,0,0,0,0
F05_1_X11_SP2_7.JPG,5,6,5.5,0,0,43,17,15,0,0,0,0,0,0,16,0.5,0,0,0,0,0,0,0,0,0,0,0,0,0,0,0,0,0,0,0,0,9,0,0,0,0,0,0,0,0,0,0,0,0,0,0.5,0,0,0,0,0,0.5,0,0,0,0,0,0,0,0,0,0
F05_1_X11_SP3_5.JPG,4,6,5,0,0,47,15,7,0,0,0,0,0,0,16,0.5,0,0,12,0,0,0.5,0,0,0,0,0,0,0,0,0,0,0,0,0,0,0.5,0,0,0,0,0,0,0,0,0,0,0,0,0,0.5,0,0,0,0,0.5,0,0,0,0,0,0,0,0,0,0,0
F05_1_X11_SP4_7.JPG,6,6,6,0,0,50,12,3,0,0,0,0,0,0,33,0.5,0,0,1,0,0,0.5,0,0,0,0,0,0,0,0,0,0,0,0,0,0,0,0,0,0,0,0,0,0,0,0,0,0,0,0,1,0,0,0,0,0,0,0,0,0,0,0,0,0,0,0,0
F05_1_X11_SP5_5.JPG,6,6,6,0,0,54,12,4,0,1,1,0,0,0,8,7,0,0,4,0,0,0.5,0,0,0,0,0,3,0,0,0,0,0,0,0,0,0,0,0,0,0,0,0,0,0,0,0,0,0,0,6,0,0,0,0,0,0,0,0,0,0,0,0,0,0,0,0
F05_1_X11_SP6_3.JPG,2,5,3.5,0,0,17,51,8,0,0,0,0,0,0,10,0.5,0,0,6,0,0,0,0,0,0,0,0,0,0,0,0,0,0,0,0,0,7,0,0.5,0,0,0,0,0,0,0,0,0,0,0,1,0,0,0,0,0,0,0,0,0,0,0,0,0,0,0,0
F05_1_X11_SP7_6.JPG,5,2,3.5,0,0,59,15,1,0,0,0,0,0,0,22,1,0,0,0,0,0,0.5,0,0,0,0,0,0.5,0,0,0,0,0,0,0,0,2,0,0,0,0,0,0,0,0,0,0,0,0,0,0.5,0,0,0,0,0,0.5,0,0,0,0,0,0,0,0,0,0
F05_1_X11_SP8_4.JPG,6,6,6,NA,1,53,23,0,0,0,0,0,0,0,8,0.5,0,0,0,0,0,1,0,0,0,0,0,0.5,0,0,0,0,0,0,0,0,0,0,0,0,0,0,0,0,0,0,0,0,0,0,15,0,0,0,0,0,0,0,0,0,0,0,0,0,0,0,0
F05_1_X11_SP9_7.JPG,2,5,3.5,NA,1,45,21,1,0,0,0,0,0,1,20,2,0,0,0,0,0,0.5,0,0,0,0,0,0,0,0,0,0,0,0,0,0,0,0,0,0,0,0,0,0,0,0,0,0,0,0,10,0,0.5,0,0,0,0,0,0,0,0,0,0,0,0,0,0
F05_1_ZZ1_SP1_3.JPG,6,6,6,0,0,34,8,1,0,0,0,0,0,0,32,1,4,0,16,0,0,0,0,0,0,0,0,0,0,0,0,0,0,0,0,0,0,0,0,0,0,0,0,0,0,0,0,0,0,0,0,0,0,0,0,0,0,0.5,4,0,0,0,0,0,0,0,0
F05_1_ZZ1_SP2_1.JPG,3,3,3,0,0,9,65,1,0,0,0,0,0,0,11,11,0,0,3,0,0,0,0,0,0,0,0,0,0,0,0,0,0,0,0,0,0,0,0,0,0,0,0,0,0,0,0,0,0,0,0,0,0,0.5,0,0,0,0,0,0,0,0,0,0,0,0,0
F05_1_ZZ1_SP3_1.JPG,6,5,5.5,0,0,35,49,2,0,0,0,0,0,0,10,3,0,0.5,0.5,0,0,0,0,0,0,0,0,0,0,0,0,0,0,0,0,0,0.5,0,0,0,0,0,0,0,0,0,0,0,0,0,0,0,0,0,0,0,0,0,1,0,0,0,0,0,0,0,0
F05_1_ZZ1_SP4_3.JPG,5,6,5.5,0,0,35,15,1,0,0,0,0,0,0,34,4,7,0,1,0,0,3,0,0,0,0,0,0,0,0,0,0,0,0,0,0,0,0,0,0,0,0,0,0,0,0,0,0,0,0,0,0,0,0,0,0,0,0,0,0,0,0,0,0,0,0,0
F05_1_ZZ1_SP5_5.JPG,6,6,6,0,0,43,24,4,0,0,1,0,0,0,21,4,0,0,0.5,0,0,0,0,0,0,0,0,0,0,0,0,0,0,0,0,0,0,0,0,0,0,0,0,0,0,0,0,0,0,0,0,0,0,0,0,0,0,0,3,0.5,0,0,0,0,0,0,0
F05_1_ZZ1_SP6_2.JPG,6,6,6,0,0,55,15,4,0,0,0,0,0,0,21,1,1,0,0.5,0,0,3,0,0,0,0,0,0,0,0,0,0,0,0,0,0,0,0,0,0,0,0,0,0,0,0,0,0,0,0,0,0,0,0,0,0,0,0,0,0,0,0,0,0,0,0,0
F05_1_ZZ1_SP7_5.JPG,6,6,6,0,0,33,14,0,0,0,0,0,0,0,7,4,0,0,0.5,0,0,0,0,0,0,0,0,0,0,0,0,0,0,0,0,0,0,0,0,0,0,0,0,0,0,0,0,0,0,0,0,0,0,0,0,0,0,42,0,0,0,0,0,0,0,0,0
F05_1_ZZ1_SP8_6.JPG,6,6,6,0,0,51,9,4,0,0,0,0,0,0,26,3,0,0,7,0,0,0.5,0,0,0,0,0,0,0,0,0,0,0,0,0,0,0,0,0,0,0,0,0,0,0,0,0,0,0,0,0,0,0,0,0,0,0,0,0,0,0,0,0,0,0,0,0
F05_1_ZZ1_SP9_3.JPG,6,6,6,0,0,31,21,1,0,0,0,0,0,0,15,22,0,0,1,0,0,0.5,0,0,0,0,0,0,0,0,0,0,0,0,0,0,0,0,0,0,0,0,0,0,0,0,0,0,0,0,0,0,0,0,0,0,0,9,0,0,0,0,0,0,0,0,0
F05_2_149_SP1_1.JPG,6,3,4.5,0,0,42,2,0,0,0,0,0,0,0,20,9,0,0,4,0.5,0,0,0,0,0,0,0,0,0,0,0,0,0,22,0,0,0,0,0,0,0,0,0,0,0,0,0,0,0,0,0,0,0,0,0,0,0,0,1,0,0,0,0,0,0,0,0
F05_2_149_SP2_1.JPG,6,6,6,0,0,44,15,1,0,0,0,0,0,1,13,24,0,0,0,0,0,0,0,0,0,0,0,0,0,0,0,0,0,2,0,0,0,0,0,0,0,0,0,0,0,0,0,0,0,0,0,0,0,0.5,0,0,0,0,0,0,0,0,0,0,0,0,0
F05_2_149_SP3_3.JPG,6,5,5.5,0,0,47,19,2,0,0,0,0,0,0,14,2,0,0,15,1,0,0,0,0,0,0,0,0,0,0,0,0,0,0,0,0,0,0,0,0,0,0,0,0,0,0,0,0,0,0,0,0,0,0,0,0,0,0,0.5,0,0,0,0,0,0,0,0
F05_2_149_SP4_3.JPG,5,6,5.5,0,0,10,3,0,0,0,3,0,0,0,59,3,0,0,2,0,0,0,0,0,0,0,0,0,0,0,0,0,0,20,0,0,0,0,0,0,0,0,0,0,0,0,0,0,0,0,0,0,0,0.5,0,0,0,0,0,0,0,0,0,0,0,0,0
F05_2_149_SP5_1.JPG,6,3,4.5,0,0,56,11,3,0,0,0,0,0,0,13,4,0,0,12,1,0,0,0,0,0,0,0,0,0,0,0,0,0,0,0,0,0,0,0,0,0,0,0,0,0,0,0,0,0,0,0,0,0,0,0,0,0,0,0,0,0,0,0,0,0,0,0
F05_2_149_SP6_1.JPG,6,6,6,0,0,36,0,1,0,0,4,0,0,0,52,7,0,0,0,0,0,0,0,0,0,0,0,0,0,0,0,0,0,0,0,0,0,0,0,0,0,0,0,0,0,0,0,0,0,0,0,0,0,0.5,0,0,0,0,0,0,0,0,0,0,0,0,0
F05_2_149_SP7_2.JPG,1,2,1.5,3,1,2,88,8,0,0,0,0,0,0,1,0.5,0,0,0.5,1,0,0,0,0,0,0,0,0,0,0,0,0,0,0,0,0,0,0,0,0,0,0,0,0,0,0,0,0,0,0,0,0,0,0,0,0,0,0,0,0,0,0,0,0,0,0,0
F05_2_149_SP8_2.JPG,6,6,6,0,0,39,0,0,0,0,0,0,0,0,43,18,0,0,0,0,0,0,0,0,0,0,0,0,0,0,0,0,0,0,0,0,0,0,0,0,0,0,0,0,0,0,0,0,0,0,0,0,0,0,0,0,0,0,0,0,0.5,0,0,0,0,0,0
F05_2_149_SP9_1.JPG,5,6,5.5,NA,1,33,31,4,0,0,0,0,0,0,1,19,0,0,0.5,0.5,0,0,0,0,0,0,0,0,0,0,0,0,0,12,0,0,0,0,0,0,0,0,0,0,0,0,0,0,0,0,0,0,0,0.5,0,0,0,0,0,0,0,0,0,0,0,0,0
F05_3_154_SP1_3.JPG,6,6,6,0,0,48,1,0,0,0,0,0,0,0,33,6,0,0,0,0,0,0,0,0,0,0,0,0.5,0,0,0,0,0,0,0,0,0,0,0,0,0,0,0,0,0,0,0,0,0,0,12,0,0,0,0,0,0,0,0,0,0,0,0,0,0,0,0
F05_3_154_SP2_3.JPG,6,6,6,0,0,49,0,0,0,0,0,0,0,0,27,2,0,0,0,0,0,0,0,0,0,0,0,0.5,0,0,0,0,0,0,0,0,0,0,0,0,0,0,0,0,0,0,0,0,0,0,22,0,0,0,0,0,0,0,0,0,0,0,0,0,0,0,0
F05_3_154_SP3_5.JPG,5,6,5.5,0,0,32,1,0,0,0,0,0,0,0,53,8,0,0,0,0,0,5,0,0,0,0,0,0.5,0,0,0,0,0,0,0,0,0,0,0,0,0,0,0,0,0,0,0,0,0,0,1,0,0,0,0,0,0,0,0,0,0,0,0,0,0,0,0
F05_3_154_SP4_4.JPG,6,5,5.5,0,0,56,0,0,0,0,0,0,0,0,31,9,0,0,0,0,0,0,0,0,0,0,0,4,0,0,0,0,0,0,0,0,0,0,0,0,0,0,0,0,0,0,0,0,0,0,0.5,0,0,0.5,0,0,0,0,0,0,0,0,0,0,0,0,0
F05_3_154_SP5_2.JPG,6,6,6,0,0,47,6,1,0,0,0,0,0,0,18,3,0,0,0,0,0,0,0,0,0,0,0,0.5,0,0,0,0,0,0,0,0,0,0,0,0,0,0,0,0,0,0,0,0,0,0,25,0,0,0,0,0,0,0,0,0,0,0,0,0,0,0,0
F05_3_154_SP6_3.JPG,6,6,6,0,0,61,4,0,0,0,0,0,0,0,15,5,0,0,0,0,0,0,0,0,0,0,0,0,0,0,0,0,0,0,0,0,0,0,0,0,0,0,0,0,0,0,0,0,0,0,15,0,0,0,0,0,0,0,0,0,0,0,0,0,0,0,0
F05_3_154_SP7_2.JPG,4,6,5,0,0,50,2,0,0,0,0,0,0,0,29,12,0,0,0,0,0,0,0,0,0,0,0,0.5,0,0,0,0,0,0,0,0,0,0,0,0,0,0,0,0,0,0,0,0,0,0,7,0,0,0,0,0,0,0,0,0,0,0,0,0,0,0,0
F05_3_154_SP8_3.JPG,5,6,5.5,0,0,20,1,0,0,0,0,0,0,0,72,2,0,0,0,0,0,2,0,0,0,0,0,3,0,0,0,0,0,0,0,0,0,0,0,0,0,0,0,0,0,0,0,0,0,0,0.5,0,0,0,0,0,0,0,0.5,0,0,0,0,0,0,0,0
F05_3_154_SP9_2.JPG,6,6,6,0,0,40,4,0,0,0,0,0,0,0,44,10,0,0,0,0,0,0.5,0,0,0,0,0,2,0,0,0,0,0,0,0,0,0,0,0,0,0,0,0,0,0,0,0,0,0,0,0.5,0,0,0,0,0,0,0,0,0,0,0,0,0,0,0,0
F06_0_XX1_SP1_1.JPG,6,6,6,0,0,11,63,11,1,0,0,0,0,0,0.5,13,1,0,0,0,0,0,0,0,0,0,0,0,0,0,0,0,0,0,0,0,0,0,0,0,0,0,0,0,0,0,0,0,0,0,0,0,0,0,0,0,0,0,0,0,0,0,0,0,0,0,0
F06_0_XX1_SP2_2.JPG,6,6,6,0,0,8,22,1,0,0,0,0,0,0,4,2,63,0,0,0,0,0,0,0,0,0,0,0,0,0,0,0,0,0,0,0,0,0,0,0,0,0,0,0,0,0,0,0,0,0,0,0,0,0,0,0,0,0,0,0,0,0.5,0,0,0,0,0
F06_0_XX1_SP3_1.JPG,6,3,4.5,0,0,4,86,1,1,0,0,0,0,0,3,5,0.5,0,0,0.5,0,0,0,0,0,0,0,0,0,0,0,0,0,0,0,0,0,0,0,0,0,0,0,0,0,0,0,0,0,0,0,0,0,0,0,0,0,0,0,0,0,0,0.5,0,0,0,0
F06_0_XX1_SP4_1.JPG,6,6,6,0,0,12,17,0,0,0,0,0,0,0,7,2,62,0.5,0,0,0,0,0,0,0,0,0,0,0,0,0,0,0,0,0,0,0,0,0,0,0,0,0,0,0,0,0,0,0,0,0,0,0,0,0,0,0,0,0,0,0,0,0,0.5,0,0,0
F06_0_XX1_SP5_1.JPG,4,6,5,0,0,12,49,2,0,0,0,0,0,0,1,6,30,0,0,0,0,0,0,0,0,0.5,0,0,0,0,0,0,0,0,0,0,0,0,0,0,0,0,0,0,0,0,0,0,0,0,0,0,0,0,0,0,0,0,0,0,0,0.5,0,0,0,0,0
F06_0_XX1_SP6_1.JPG,5,6,5.5,0,0,12,5,0,0,0,0,0,0,0,10,4,62,7,0,0,0,0,0,0,0,0,0,0,0,0,0,0,0,0,0,0,0,0,0,0,0,0,0,0,0,0,0,0,0,0,0,0,0,0,0,0,0,0,0,0,0,0,0,0,0,0,0
F06_0_XX1_SP7_1.JPG,4,1,2.5,0,0,7,66,3,0,0,0,0,0,0,1,10,13,0,0,0,0,0,0,0,0,0,0,0,0,0,0,0,0,0,0,0,0,0,0,0,0,0,0,0,0,0,0,0,0,0,0,0,0,0,0,0,0,0,0,0,0,0.5,0,0,0,0,0
F06_0_XX1_SP8_1.JPG,1,6,3.5,0,0,22,35,0,0,0,0,0,0,0,23,3,1,0,0,0,16,0,0,0,0,0,0,0,0,0,0,0,0,0,0,0,0,0,0,0,0,0,0,0,0,0,0,0,0,0,0,0,0,0,0,0,0,0,0,0,0,0,0,0.5,0,0,0
F06_0_XX1_SP9_1.JPG,1,5,3,0,0,5,47,0,0,0,0,0,0,0,6,3,34,5,0,0,0,0,0,0,0,0,0,0,0,0,0,0,0,0,0,0,0,0,0,0,0,0,0,0,0,0,0,0,0,0,0,0,0,0,0,0,0,0,0,0,0,0.5,0,0,0,0,0
F06_1_160_SP1_1.JPG,5,5,5,0,0,21,48,2,0,0,0,0,0,0,25,0.5,0,0,0.5,0,0,4,0,0,0,0,0,0,0,0,0,0,0,0,0,0,0,0,0,0,0,0,0,0,0,0,0,0,0,0,0,0,0,0,0,0,0,0,0,0,0,0,0,0,0,0,0
F06_1_160_SP2_1.JPG,3,4,3.5,0,0,44,8,0,0,0,0,0,0,0,33,0.5,0,0,0,0,0,15,0,0,0,0,0,0,0,0,0,0,0,0,0,0,0,0,0,0,0,0,0,0,0,0,0,0,0,0,0,0,0,0,0,0,0,0,0,0,0,0,0,0,0,0,0
F06_1_160_SP3_1.JPG,3,3,3,0,0,42,8,2,0,0,0,0,0,0,36,0.5,0,0,0,0,0,12,0,0,0,0,0,0,0,0,0,0,0,0,0,0,0,0,0,0,0,0,0,0,0,0,0,0,0,0,0,0,0,0,0,0,0,0,0,0,0,0,0,0,0,0,0
F06_1_160_SP4_1.JPG,6,6,6,0,0,31,50,1,0,0,0,0,0,1,2,14,0,0.5,0,0,0,1,0,0,0,0,0,0,0,0,0,0,0,0,0,0,0,0,0,0,0,0,0,0,0,0,0,0,0,0,0,0,0,0,0,0,0,0,0,0,0,0,0,0,0,0,0
F06_1_160_SP5_1.JPG,4,5,4.5,0,0,49,16,2,0,0,0,0,0,0,26,3,0,0,0,0,0,4,0,0,0,0,0,0,0,0,0,0,0,0,0,0,0,0,0,0,0,0,0,0,0,0,0,0,0,0,0,0,0,0,0,0,0,0,0,0,0,0,0,0,0,0,0
F06_1_160_SP6_1.JPG,3,4,3.5,0,0,27,45,5,0,0,0,0,0,0,6,7,0,2,0,0,0,8,0,0,0,0,0,0.5,0,0,0,0,0,0,0,0,0,0,0,0,0,0,0,0,0,0,0,0,0,0,0,0,0,0,0,0,0,0,0,0,0,0,0,0,0,0,0
F06_1_160_SP7_1.JPG,3,3,3,0,0,32,41,1,0,0,0,0,0,0,6,18,0,1,0,0,0,1,0,0,0,0,0,0,0,0,0,0,0,0,0,0,0,0,0,0,0,0,0,0,0,0,0,0,0,0,0,0,0,0,0,0,0,0,0,0,0,0,0,0,0,0,0
F06_1_160_SP8_1.JPG,3,6,4.5,0,0,42,26,0,0,0,0,0,0,0,21,3,0,0,0,0,0,8,0,0,0,0,0,0,0,0,0,0,0,0,0,0,0,0,0,0,0,0,0,0,0,0,0,0,0,0,0,0,0,0,0,0,0,0,0,0,0,0,0,0,0,0,0
F06_1_160_SP9_1.JPG,3,3,3,0,0,39,27,2,0,0,0,0,0,1,12,11,0,0,0,0,0,8,0,0,0,0,0,0,0,0,0,0,0,0,0,0,0,0,0,0,0,0,0,0,0,0,0,0,0,0,0,0,0,0,0,0,0,0,0,0,0,0,0,0,0,0,0
F06_2_165_SP1_1.JPG,4,6,5,0,0,30,26,1,0,1,0,0,0,3,4,21,0,0,0,0,0,14,0,0,0,0,0,0,0,0,0,0,0,0,0,0,0,0,0,0,0,0,0,0,0,0,0,0,0,0,0,0,0,0,0,0,0,0,0,0,0,0,0,0,0,0,0
F06_2_165_SP2_1.JPG,4,5,4.5,0,0,28,41,0,0,0,0,0,0,0,20,6,0,0.5,0,0,0,5,0,0,0,0,0,0,0,0,0,0,0,0,0,0,0,0,0,0,0,0,0,0,0,0,0,0,0,0,0,0,0,0,0,0,0,0,0,0,0,0,0,0,0,0,0
F06_2_165_SP3_1.JPG,4,6,5,0,0,25,35,1,0,0,0,0,0,0,23,6,0,0,0,0,0,10,0,0,0,0,0,0,0,0,0,0,0,0,0,0,0,0,0,0,0,0,0,0,0,0,0,0,0,0,0,0,0,0,0,0,0,0,0,0,0,0,0,0,0,0,0
F06_2_165_SP4_1.JPG,6,6,6,0,0,15,40,0,0,0,0,0,0,0,21,9,0,0,0,0,0,15,0,0,0,0,0,0,0,0,0,0,0,0,0,0,0,0,0,0,0,0,0,0,0,0,0,0,0,0,0,0,0,0,0,0,0,0,0,0,0,0,0,0,0,0,0
F06_2_165_SP5_1.JPG,6,6,6,0,0,21,28,1,0,0,0,0,0,1,23,7,0,0,0,0,0,19,0,0,0,0,0,0,0,0,0,0,0,0,0,0,0,0,0,0,0,0,0,0,0,0,0,0,0,0,0,0,0,0,0,0,0,0,0,0,0,0,0,0,0,0,0
F06_2_165_SP6_1.JPG,6,3,4.5,0,0,15,32,3,0,0,0,0,0,5,18,22,0,0,0,0,0,5,0,0,0,0,0,0,0,0,0,0,0,0,0,0,0,0,0,0,0,0,0,0,0,0,0,0,0,0,0,0,0,0,0,0,0,0,0,0,0,0,0,0,0,0,0
F06_2_165_SP7_1.JPG,6,3,4.5,0,0,25,42,1,0,0,0,0,0,0,7,14,0,0,0,0,0,11,0,0,0,0,0,0,0,0,0,0,0,0,0,0,0,0,0,0,0,0,0,0,0,0,0,0,0,0,0,0,0,0,0,0,0,0,0,0,0,0,0,0,0,0,0
F06_2_165_SP8_1.JPG,3,5,4,0,0,29,28,4,0,0,0,0,0,0,17,11,0,0,0,0,0,11,0,0,0,0,0,0,0,0,0,0,0,0,0,0,0,0,0,0,0,0,0,0,0,0,0,0,0,0,0.5,0,0,0,0,0,0,0,0,0,0,0,0,0,0,0,0
F06_2_165_SP9_1.JPG,6,6,6,0,0,21,36,1,0,0,0,0,0,0,34,4,0,0,3,0,0,1,0,0,0,0,0,0,0,0,0,0,0,0,0,0,0,0,0,0,0,0,0,0,0,0,0,0,0,0,0,0,0,0,0,0,0,0,0,0,0,0,0,0,0,0,0
F06_3_173_SP1_1.JPG,4,5,4.5,0,0,29,31,0,0,0,0,0,0,0,11,3,0,0,0,0,0,26,0,0,0,0,0,0,0,0,0,0,0,0,0,0,0,0,0,0,0,0,0,0,0,0,0,0,0,0,0.5,0,0,0,0,0,0,0,0,0,0,0,0,0,0,0,0
F06_3_173_SP2_1.JPG,6,2,4,0,0,7,57,4,0,0,0,0,0,0,0.5,0.5,0,0,0,0,0,5,0,0,0,0,0,0,0,0,0,0,0,0,0,0,0,0,0,0,0,0,0,0,0,0,0,0,0,0,27,0,0,0,0,0,0,0,0,0,0,0,0,0,0,0,0
F06_3_173_SP3_1.JPG,6,6,6,0,0,33,20,7,0,0,0,0,0,0,6,7,0,0,0,0,0,27,0,0,0,0,0,0,0,0,0,0,0,0,0,0,0,0,0,0,0,0,0,0,0,0,0,0,0,0,0,0,0,0,0,0,0,0,0,0,0,0,0,0,0,0,0
F06_3_173_SP4_1.JPG,2,2,2,0,0,18,14,3,0,0,0,0,0,2,3,28,0,0,0,0,0,32,0,0,0,0,0,0,0,0,0,0,0,0,0,0,0,0,0,0,0,0,0,0,0,0,0,0,0,0,0,0,0,0,0,0,0,0,0,0,0,0,0,0,0,0,0
F06_3_173_SP5_1.JPG,4,6,5,0,0,16,37,9,0,0,0,0,0,0,13,3,0,0,0,0,0,22,0,0,0,0,0,0,0,0,0,0,0,0,0,0,0,0,0,0,0,0,0,0,0,0,0,0,0,0,0,0,0,0,0,0,0,0,0,0,0,0,0,0,0,0,0
F06_3_173_SP6_1.JPG,5,1,3,0,0,28,18,1,0,0,0,0,0,1,9,4,0,0,0,0,0,39,0,0,0,0,0,0,0,0,0,0,0,0,0,0,0,0,0,0,0,0,0,0,0,0,0,0,0,0,0,0,0,0,0,0,0,0,0,0,0,0,0,0,0,0,0
F06_3_173_SP7_1.JPG,3,5,4,0,0,27,41,5,0,0,0,0,0,0,0.5,16,0,0,0,0,0,11,0,0,0,0,0,0,0,0,0,0,0,0,0,0,0,0,0,0,0,0,0,0,0,0,0,0,0,0,0,0,0,0,0,0,0,0,0,0,0,0,0,0,0,0,0
F06_3_173_SP8_1.JPG,3,2,2.5,0,0,28,27,2,0,0,0,0,0,1,7,14,0,0,0,0,0,21,0,0,0,0,0,0,0,0,0,0,0,0,0,0,0,0,0,0,0,0,0,0,0,0,0,0,0,0,0,0,0,0,0,0,0,0,0,0,0,0,0,0,0,0,0
F06_3_173_SP9_1.JPG,4,4,4,0,0,17,18,21,0,0,0,0,0,0,2,9,0,0,0,0,0,33,0,0,0,0,0,0,0,0,0,0,0,0,0,0,0,0,0,0,0,0,0,0,0,0,0,0,0,0,0,0,0,0,0,0,0,0,0,0,0,0,0,0,0,0,0
F10_0_XX4_SP1_1.JPG,6,3,4.5,0,0,11,45,17,0,0,0,0,0,0,22,0,0,0,0,0,0,0,0,0,0,0,0,0,0,0,0,0,0,0,0,0,0,0,0,0,0,0,0,0,0,0,0,0,0,0,0.5,0,0,0,0,0,0,0,0,0,0,0,0,0,5,0,0
F10_0_XX4_SP2_2.JPG,3,3,3,0,0,20,51,2,0,1,0,0,0,0,14,3,9,0,0,0,0,0,0,0,0,0,0,0,0,0,0,0,0,0,0,0,0,0,0,0,0,0,0,0,0,0,0,0,0,0,0,0,0,0,0,0,0,0,0,0,0,0,0,0,0,0,0
F10_0_XX4_SP3_1.JPG,5,3,4,2800,1,19,49,5,0,2,0,0,0,0,1,5,19,0,0,0,0,0,0,0,0,0,0,0,0,0,0,0,0,0,0,0,0,0,0,0,0,0,0,0,0,0,0,0,0,0,0,0,0,0,0,0,0,0,0,0,0,0,0,0,0,0,0.5
F10_0_XX4_SP4_1.JPG,6,6,6,0,0,25,32,6,0,0,0,0,0,0,2,18,17,0,0,0,0,0,0,0,0,0,0,0,0,0,0,0,0,0,0,0,0,0,0,0,0,0,0,0,0,0,0,0,0,0,0,0,0.5,0,0,0,0,0,0,0,0,0,0,0,0,0,0
F10_0_XX4_SP5_4.JPG,6,6,6,2,1,26,46,5,0,0,0,0,0,0,16,7,0,0,0,0,0,0,0,0,0,0,0,0,0,0,0,0,0,0,0,0,0,0,0,0,0,0,0,0,0,0,0,0,0,0,0,0,0,0,0,0,0,0,0,0,0,0,0,0,0,0.5,0
F10_0_XX4_SP6_1.JPG,5,4,4.5,0,0,13,36,7,0,0,0,0,0,0,5,15,22,2,0,0,0,0,0,0,0,0,0,0,0,0,0,0,0,0,0,0,0,0,0,0,0,0,0,0,0,0,0,0,0,0,0,0,0,0,0,0,0,0,0,0,0,0,0,0,0,0,0.5
F10_0_XX4_SP7_3.JPG,6,5,5.5,0,0,17,65,12,0,0,0,0,0,0,4,2,0,0,0,0,0,0,0,0,0,0,0,0,0,0,0,0,0,0,0,0,0,0,0,0,0,0,0,0,0,0,0,0,0,0,0,0,0,0,0,0,0,0,0,0,0,0,0,0,0,0,0
F10_0_XX4_SP8_1.JPG,6,4,5,400,1,6,74,15,0,0,0,0,0,0,4,1,0.5,0,0,0,0,0,0,0,0,0,0,0,0,0,0,0,0,0,0,0,0,0,0,0,0,0,0,0,0,0,0,0,0,0,0,0,0.5,0,0,0,0,0,0,0,0,0,0,0,0,0.5,0
F10_0_XX4_SP9_2.JPG,6,3,4.5,0,0,38,34,6,0,0,0,0,0,0,19,3,0,0.5,0,0,0,0,0,0,0,0,0,0,0,0,0,0,0,0,0,0,0,0,0,0,0,0,0,0,0,0,0,0,0,0,0.5,0,0,0,0,0,0,0,0,0,0,0,0,0,0,0,0
F10_1_XX3_SP1_1.JPG,4,3,3.5,0,0,46,9,7,0,0,0,0,0,0,16,0,0,0,0,0,0,1,0,0,0,0,0,0,0,0,0,0,0,0,0,0,0,0,0,0,0,0,0,0,0,0,0,0,0,0,21,0,0,0,0,0,0,0,0,0,0,0,0,0,0,0,0
F10_1_XX3_SP2_2.JPG,3,5,4,0,0,55,1,0,0,1,0,0,0,2,37,0,0,0,0,0,0,0.5,0,2,0,0,0,0,0,0,0,0,0,0,0,0,0,0,0,0,0,0,0,0,0,0,0,0,0,0,2,0,0,0,0,0,0,0,0,0,0,0,0,0,0,0,0
F10_1_XX3_SP3_1.JPG,5,2,3.5,0,0,47,14,1,0,0,0,0,0,0,26,0,0,0,0,0,0,10,0,0,0,0,0,0,0,0,0,0,0,0,0,0,0,0,0,0,0,0,0,0,0,0,0,0,0,0,2,0,0,0,0,0,0,0,0,0,0,0,0,0,0,0,0
F10_1_XX3_SP4_2.JPG,5,3,4,0,0,52,0,0,0,0,0,0,0,2,42,0,0,0,0,0,0,3,0,0,0,0,0,0,0,0,0,0,0,0,0,0,0,0,0,0,0,0,0,0,0,0,0,0,0,0,1,0,0,0,0,0,0,0,0,0,0,0,0,0,0,0,0
F10_1_XX3_SP5_5.JPG,5,3,4,0,0,40,15,0,0,0,0,0,0,0,32,0,0,0,0,0,0,0.5,0,0,0,0,0,0,0,0,0,0,0,0,0,0,0,0,0,0,0,0,0,0,0,0,0,0,0,0,13,0,0,0,0,0,0,0,0,0,0,0,0,0,0,0,0
F10_1_XX3_SP6_3.JPG,6,4,5,0,0,29,6,1,0,2,1,0,0,0,43,0,0,0,0,0,0,4,0,0,0,0,0,0,0,0,0,0,0,0,0,9,0,0,0,0,0,0,0,0,0,0,0,0,0,0,5,0,0,0,0,0,0,0,0,0,0,0,0,0,0,0,0
F10_1_XX3_SP7_1.JPG,4,2,3,0,0,48,20,2,0,0,1,0,0,0,22,0,0,0,0,0,0,1,0,1,0,0,0,0,0,0,0,0,0,0,0,0,0,0,0,0,0,0,0,0,0,0,0,0,0,0,5,0,0,0,0,0,0,0,0,0,0,0,0,0,0,0,0
F10_1_XX3_SP8_2.JPG,1,1,1,0,0,33,34,5,0,0,0,0,0,0,14,0,0,0,0,0,0,2,0,0,0,0,0,0,0,0,0,0,0,0,0,0,0,0,0,0,0,0,0,0,0,0,0,0,0,0,12,0,0,0,0,0,0,0,0,0,0,0,0,0,0,0,0
F10_1_XX3_SP9_4.JPG,6,1,3.5,0,0,25,53,2,0,2,0,0,0,0,5,0,0,0,0,0,0,0.5,0,0,0,0,0,0,0,0,0,0,0,0,0,0,0,0,0,0,0,0,0,0,0,0,0,0,0,0,13,0,0,0,0,0,0,0,0,0,0,0,0,0,0,0,0
F10_2_XX2_SP1_2.JPG,3,5,4,0,0,28,7,1,0,0,0,0,0,0,62,0,0,0,0,0,0,0.5,0,2,0,0,0,0,0,0,0,0,0,0,0,0,0,0,0,0,0,0,0,0,0,0,0,0,0,0,0,0,0,0,0,0,0,0,0,0,0,0,0,0,0,0,0
F10_2_XX2_SP2_4.JPG,6,3,4.5,0,0,27,45,1,0,1,0,0,0,0,16,1,0,0,0,0,0,0.5,0,6,0,0,0,0,0,0,0,0,0,0,0,0,0,0,0,0,0,0,0,0,0,0,0,0,0,0,3,0,0,0,0,0,0,0,0,0,0,0,0,0,0,0,0
F10_2_XX2_SP3_2.JPG,4,3,3.5,0,0,29,4,0,0,0,0,0,0,3,57,0,0,0,0,0,0,1,0,3,0,0,0,0,0,0,0,0,0,1,0,2,0,0,0,0,0,0,0,0,0,0,0,0,0,0,0,0,0,0,0,0,0,0,0,0,0,0,0,0,0,0,0
F10_2_XX2_SP4_2.JPG,6,3,4.5,0,0,43,23,1,0,0,0,0,0,0,23,2,0,0,0,0,0,0.5,0,1,0,0,0,0,0,0,0,0,0,0,0,0,0,0,0,0,0,0,0,0,0,0,0,0,0,0,7,0,0,0,0,0,0,0,0,0,0,0,0,0,0,0,0
F10_2_XX2_SP5_2.JPG,3,4,3.5,0,0,43,7,0,0,0,0,0,0,1,20,0,0,0,0,0,0,0,0,0,0,0,0,0,0,0,0,0,0,0,0,0,0,0,0,0,0,0,0,0,0,0,0,0,0,0,29,0,0,0,0,0,0,0,0,0,0,0,0,0,0,0,0
F10_2_XX2_SP6_2.JPG,3,6,4.5,0,0,26,7,1,0,0,0,0,0,0,61,0.5,0,0,0,0,0,1,0,4,0,0,0,0,0,0,0,0,0,0,0,0,0,0,0,0,0,0,0,0,0,0,0,0,0,0,0,0,0,0,0,0,0,0,0,0,0,0,0,0,0,0,0
F10_2_XX2_SP7_1.JPG,5,3,4,0,0,16,44,9,0,1,0,0,0,0,21,1,0,0,0,0,0,0.5,0,4,0,0,0,0,0,0,0,0,0,4,0,0,0,0,0,0,0,0,0,0,0,0,0,0,0,0,0,0,0,0,0,0,0,0,0,0,0,0,0,0,0,0,0
F10_2_XX2_SP8_2.JPG,3,3,3,0,0,31,4,0,0,0,0,0,0,0,65,0.5,0,0,0,0,0,0.5,0,0,0,0,0,0,0,0,0,0,0,0,0,0,0,0,0,0,0,0,0,0,0,0,0,0,0,0,0.5,0,0,0,0,0,0,0,0,0,0,0,0,0,0,0,0
F10_2_XX2_SP9_1.JPG,1,6,3.5,0,0,39,20,2,0,0,0,0,0,2,10,0.5,0,0,0,0,0,4,0,0,0,0,0,0,0,0,0,0,0,0,0,0,0,0,0,0,0,0,0,0,0,0,0,0,0,0,23,0,0,0,0,0,0,0,0,0,0,0,0,0,0,0,0
F10_3_051_SP1_1.JPG,6,6,6,0,0,33,30,7,0,0,1,0,0,0,3,3,0,0,0,0,0,1,0,0,0,0,0,0,0,0,0,0,0,0,0,0,0,0,0,0,0,0,0,0,0,0,0,0,0,0,22,0,0,0,0,0,0,0,0,0,0,0,0,0,0,0,0
F10_3_051_SP2_1.JPG,6,1,3.5,0,0,50,17,0,0,0,0,0,0,0,18,0,0,0,0,0,0,0.5,0,0,0,0,0,0,0,0,0,0,0,0,0,0,0,0,0,0,0,0,0,0,0,0,0,0,0,0,15,0,0,0,0,0,0,0,0,0,0,0,0,0,0,0,0
F10_3_051_SP3_3.JPG,3,4,3.5,0,0,34,29,2,0,0,0,0,0,0,1,1,0,0,0,0,0,4,0,0,0,0,0,0,0,0,0,0,0,0,0,0,0,0,0,0,0,0,0,0,0,7,0,0,0,0,22,0,0,0,0,0,0,0,0,0,0,0,0,0,0,0,0
F10_3_051_SP4_3.JPG,3,4,3.5,0,0,36,26,6,0,0,0,0,0,0,6,0,0,0,0,0,0,2,0,0,0,0,0,0,0,0,0,0,0,0,0,0,0,0,0,0,0,0,0,0,0,0,0,0,0,0,24,0,0,0,0,0,0,0,0,0,0,0,0,0,0,0,0
F10_3_051_SP5_3.JPG,6,5,5.5,0,0,39,13,13,0,0,1,0,0,0,9,0,0,0,0,0,0,0.5,0,4,0,0,0,0,0,0,0,0,0,0,0,0,0,0,0,0,0,0,0,0,0,0,0,0,0,0,21,0,0,0,0,0,0,0,0,0,0,0,0,0,0,0,0
F10_3_051_SP6_8.JPG,3,3,3,0,0,35,33,5,0,0,0,0,0,0,4,1,0,0,0,0,0,0.5,0,0,0,0,0,0,0,0,0,0,0,0,0,0,0,0,0,0,0,0,0,0,0,10,0,0,0,0,12,0,0,0,0,0,0,0,0,0,0,0,0,0,0,0,0
F10_3_051_SP7_3.JPG,6,4,5,0,0,36,25,9,3,0,0,0,0,0,16,2,0,0,0,0,0,2,0,0,0,0,0,0,0,0,0,0,0,0,0,0,0,0,0,0,0,0,0,0,0,0,0,0,0,0,7,0,0,0,0,0,0,0,0,0,0,0,0,0,0,0,0
F10_3_051_SP8_2.JPG,5,3,4,0,0,34,22,8,4,0,0,0,0,0,14,0,0,0,0,0,0,0.5,0,0,0,0,0,0,0,0,0,0,0,0,0,0,0,0,0,0,0,0,0,0,0,0,0,0,0,0,18,0,0,0,0,0,0,0,0,0,0,0,0,0,0,0,0
F10_3_051_SP9_5.JPG,3,5,4,0,0,20,19,1,3,0,1,0,0,0,36,0,0,0,0,0,0,1,0,0,0,0,0,0,0,0,0,0,0,0,0,0,0,0,0,0,0,0,0,0,0,0,0,0,0,0,19,0,0,0,0,0,0,0,0,0,0,0,0,0,0,0,0
